[
  {
    "id": "ff8b4aaf-398b-4aea-b576-f1ec901d3d4b",
    "data": [
      {
        "text": "Let\u0027s deal",
        "userDefined": false
      }
    ],
    "isTemplate": false,
    "count": 0
  },
  {
    "id": "1a019f90-ec16-46e9-8593-04efbc1f09fc",
    "data": [
      {
        "text": "Lets deal",
        "userDefined": false
      }
    ],
    "isTemplate": false,
    "count": 0
  },
  {
    "id": "38d78bf9-2f1e-4f31-a584-c8fff0a2efdb",
    "data": [
      {
        "text": "I am ready for the next deal",
        "userDefined": false
      }
    ],
    "isTemplate": false,
    "count": 0
  },
  {
    "id": "0094da56-a7f4-41f6-985c-2a45bf89bc23",
    "data": [
      {
        "text": "I will take the hit",
        "userDefined": false
      }
    ],
    "isTemplate": false,
    "count": 0
  },
  {
    "id": "2f6810ce-df52-4634-9e40-8d3904741b4b",
    "data": [
      {
        "text": "I\u0027m ready for the next round",
        "userDefined": false
      }
    ],
    "isTemplate": false,
    "count": 0
  },
  {
    "id": "851b7464-e91d-4337-a408-cdb90c5dda77",
    "data": [
      {
        "text": "okay",
        "userDefined": false
      }
    ],
    "isTemplate": false,
    "count": 0
  },
  {
    "id": "51e31bc5-43e1-4864-9d03-fcfb26e2fbda",
    "data": [
      {
        "text": "please",
        "userDefined": false
      }
    ],
    "isTemplate": false,
    "count": 0
  },
  {
    "id": "081d6224-6ac3-4f2e-a80a-65dfae85f81e",
    "data": [
      {
        "text": "Kind madam, next card, please",
        "userDefined": false
      }
    ],
    "isTemplate": false,
    "count": 0
  },
  {
    "id": "4acb18d7-fa4f-4140-952e-83a12ad9b185",
    "data": [
      {
        "text": "Kind sire, new card, please",
        "userDefined": false
      }
    ],
    "isTemplate": false,
    "count": 0
  },
  {
    "id": "73bb3ce6-3370-4d34-b367-267746eceeac",
    "data": [
      {
        "text": "of course",
        "userDefined": false
      }
    ],
    "isTemplate": false,
    "count": 0
  },
  {
    "id": "907acf31-92f9-467d-88db-a40c3bb10bea",
    "data": [
      {
        "text": "ofcourse",
        "userDefined": false
      }
    ],
    "isTemplate": false,
    "count": 0
  },
  {
    "id": "c59444b2-1dfb-4341-bedb-9e3373a240ab",
    "data": [
      {
        "text": "please yes",
        "userDefined": false
      }
    ],
    "isTemplate": false,
    "count": 0
  },
  {
    "id": "c5da9f67-8e39-4c5b-9a57-a6a2c3be65a6",
    "data": [
      {
        "text": "yes please",
        "userDefined": false
      }
    ],
    "isTemplate": false,
    "count": 0
  },
  {
    "id": "abb34cb6-5d37-4614-a8cd-fe65c4d9c3b7",
    "data": [
      {
        "text": "deal me the next card",
        "userDefined": false
      }
    ],
    "isTemplate": false,
    "count": 0
  },
  {
    "id": "676526f4-2cc9-4fba-b7bd-8ae82e26c711",
    "data": [
      {
        "text": "deal",
        "userDefined": false
      }
    ],
    "isTemplate": false,
    "count": 0,
    "updated": 1510092605
  },
  {
    "id": "5a733be9-a797-4fbf-b04f-9576081962b4",
    "data": [
      {
        "text": "next shot",
        "userDefined": false
      }
    ],
    "isTemplate": false,
    "count": 0
  },
  {
    "id": "ee029e66-5782-48ad-8d38-efc71b8543d9",
    "data": [
      {
        "text": "I\u0027ll take the shot",
        "userDefined": false
      }
    ],
    "isTemplate": false,
    "count": 0
  },
  {
    "id": "2317f955-238c-404b-968b-c4e0c1eeb6a8",
    "data": [
      {
        "text": "next",
        "userDefined": false
      }
    ],
    "isTemplate": false,
    "count": 0
  },
  {
    "id": "07e60ead-9278-4a1d-bc5d-70e3bd5f14b2",
    "data": [
      {
        "text": "yep",
        "userDefined": false
      }
    ],
    "isTemplate": false,
    "count": 1
  },
  {
    "id": "a70ccc2e-2f86-4b75-ab04-fa7264a2b4f0",
    "data": [
      {
        "text": "ok",
        "userDefined": false
      }
    ],
    "isTemplate": false,
    "count": 0
  },
  {
    "id": "36c0f558-d00f-484b-84f0-6b5b0816a562",
    "data": [
      {
        "text": "yup",
        "userDefined": false
      }
    ],
    "isTemplate": false,
    "count": 0
  },
  {
    "id": "5bb97d70-10fc-4b22-955a-0233e69bc0ca",
    "data": [
      {
        "text": "yes",
        "userDefined": false
      }
    ],
    "isTemplate": false,
    "count": 0
  },
  {
    "id": "bce7f8c9-645a-4d5d-adfc-5f82d9fad4d0",
    "data": [
      {
        "text": "deal me a new card",
        "userDefined": false
      }
    ],
    "isTemplate": false,
    "count": 0
  },
  {
    "id": "0071ac06-e700-4f1b-a8b0-4cd9460a4073",
    "data": [
      {
        "text": "deal me a new card please",
        "userDefined": false
      }
    ],
    "isTemplate": false,
    "count": 0
  },
  {
    "id": "fa29456b-3d1a-4e80-a963-5183a602544f",
    "data": [
      {
        "text": "next card",
        "userDefined": false
      }
    ],
    "isTemplate": false,
    "count": 0
  },
  {
    "id": "4f317c1b-7621-494b-877e-d2073545cf0f",
    "data": [
      {
        "text": "next card please",
        "userDefined": false
      }
    ],
    "isTemplate": false,
    "count": 0
  },
  {
    "id": "0312879f-4a15-45a2-9c71-3fd50dc72ae6",
    "data": [
      {
        "text": "double tap",
        "userDefined": false
      }
    ],
    "isTemplate": false,
    "count": 0,
    "updated": 1510092605
  },
  {
    "id": "b02178cd-3c5c-44b8-8d0d-188c3f19b9b9",
    "data": [
      {
        "text": "tap",
        "userDefined": false
      }
    ],
    "isTemplate": false,
    "count": 0,
    "updated": 1510092605
  },
  {
    "id": "20de4b93-4afc-4766-aad6-8318e8fc35bb",
    "data": [
      {
        "text": "hit",
        "userDefined": false
      }
    ],
    "isTemplate": false,
    "count": 1,
    "updated": 1510092605
  },
  {
    "id": "f8828fdb-28a2-4b74-9f80-73320ad5819a",
    "data": [
      {
        "text": "hit me",
        "userDefined": false
      }
    ],
    "isTemplate": false,
    "count": 0,
    "updated": 1510092605
  }
]