[
  {
    "id": "90b42a8f-edd3-4e3f-aec4-25f190cab43d",
    "data": [
      {
        "text": "noo",
        "userDefined": false
      }
    ],
    "isTemplate": false,
    "count": 0
  },
  {
    "id": "0735167d-ae47-49aa-aa74-6e95963ef94d",
    "data": [
      {
        "text": "No",
        "userDefined": false
      }
    ],
    "isTemplate": false,
    "count": 0
  },
  {
    "id": "67aca11d-17f9-450d-acaf-95e234873096",
    "data": [
      {
        "text": "no no no",
        "userDefined": false
      }
    ],
    "isTemplate": false,
    "count": 0
  },
  {
    "id": "025d1779-49c0-4af0-90c2-f214f309c3a6",
    "data": [
      {
        "text": "none",
        "userDefined": false
      }
    ],
    "isTemplate": false,
    "count": 0
  },
  {
    "id": "29ed7e73-320b-4cc5-9d37-ab66c5323fe1",
    "data": [
      {
        "text": "naught",
        "userDefined": false
      }
    ],
    "isTemplate": false,
    "count": 0
  },
  {
    "id": "2024acb9-be5c-4214-8f5c-f574263b1e69",
    "data": [
      {
        "text": "naw",
        "userDefined": false
      }
    ],
    "isTemplate": false,
    "count": 1
  },
  {
    "id": "a4559e53-14e7-4131-86d9-40a8c4813c4f",
    "data": [
      {
        "text": "give up",
        "userDefined": false
      }
    ],
    "isTemplate": false,
    "count": 0
  },
  {
    "id": "9fcad27a-29ac-4290-aeab-680a8e0df0ec",
    "data": [
      {
        "text": "I give up",
        "userDefined": false
      }
    ],
    "isTemplate": false,
    "count": 0
  },
  {
    "id": "bb515296-7d0f-4f14-8a71-47e4f0b91382",
    "data": [
      {
        "text": "bail out",
        "userDefined": false
      }
    ],
    "isTemplate": false,
    "count": 0
  },
  {
    "id": "fe3f1bcc-9bbf-4b4d-83f7-d92781476386",
    "data": [
      {
        "text": "I choose to bail out",
        "userDefined": false
      }
    ],
    "isTemplate": false,
    "count": 0
  },
  {
    "id": "8ecc73e1-16c7-4721-8626-7460cb9b4f31",
    "data": [
      {
        "text": "I choose to pass",
        "userDefined": false
      }
    ],
    "isTemplate": false,
    "count": 0
  },
  {
    "id": "e95bf082-300d-4078-8a51-7b7e17518233",
    "data": [
      {
        "text": "I can\u0027t go on",
        "userDefined": false
      }
    ],
    "isTemplate": false,
    "count": 0
  },
  {
    "id": "f722ffae-9608-4434-ad4e-a582ba58b061",
    "data": [
      {
        "text": "I\u0027ll pass",
        "userDefined": false
      }
    ],
    "isTemplate": false,
    "count": 0
  },
  {
    "id": "e7ec0492-a1ff-4c98-a034-7e1e71b2167c",
    "data": [
      {
        "text": "I pass",
        "userDefined": false
      }
    ],
    "isTemplate": false,
    "count": 0
  },
  {
    "id": "99c68ab7-2580-48a4-9c63-c63fd2a17769",
    "data": [
      {
        "text": "dawn",
        "meta": "@sys.ignore",
        "userDefined": false
      }
    ],
    "isTemplate": false,
    "count": 0
  },
  {
    "id": "3554268c-414e-468d-8a52-1f53ad408aec",
    "data": [
      {
        "text": "DON",
        "meta": "@sys.ignore",
        "userDefined": false
      }
    ],
    "isTemplate": false,
    "count": 0
  },
  {
    "id": "a90d53a7-e98f-4c2c-99ab-e19f5a29916c",
    "data": [
      {
        "text": "dun",
        "userDefined": false
      }
    ],
    "isTemplate": false,
    "count": 0
  },
  {
    "id": "ca3f76b4-1b6d-4ddc-8543-259918796ef8",
    "data": [
      {
        "text": "done",
        "userDefined": false
      }
    ],
    "isTemplate": false,
    "count": 0,
    "updated": 1510092719
  },
  {
    "id": "17c6723d-ed0d-4d6f-8a41-fbf6f996be83",
    "data": [
      {
        "text": "I choose to fold",
        "userDefined": false
      }
    ],
    "isTemplate": false,
    "count": 1
  },
  {
    "id": "2cceba80-d276-4262-a540-636e37e970b0",
    "data": [
      {
        "text": "I\u0027m done",
        "userDefined": false
      }
    ],
    "isTemplate": false,
    "count": 0,
    "updated": 1510092719
  },
  {
    "id": "687c5da2-9b99-43ed-88bb-cbd7e469b9ba",
    "data": [
      {
        "text": "pass",
        "userDefined": false
      }
    ],
    "isTemplate": false,
    "count": 0,
    "updated": 1510092719
  }
]